﻿pos_x,pos_y,rotation,side,designator,mpn,pack,footprint,value,mount_type
157.25,-105.25,0.0,top,BOOT1,,None,PTS810SJG250SMTRLFS,PTS810SJK250SMTRLFS,smt
147.25,-99.5,180.0,top,C1,,,C_0603_1608Metric,0.1uF,smt
145.75,-114.0,-90.0,top,C10,,,C_0603_1608Metric,22uF,smt
147.25,-101.25,180.0,top,C2,,,C_0603_1608Metric,10uF,smt
159.0,-114.0,-90.0,top,C3,,,C_0603_1608Metric,0.1uF,smt
157.25,-102.75,0.0,top,C4,,,C_0603_1608Metric,0.1uF,smt
149.25,-111.25,-90.0,top,C5,,,C_0603_1608Metric,10uF,smt
150.75,-103.5,180.0,top,C6,,,C_0603_1608Metric,10uF,smt
143.5,-96.0,-90.0,top,C7,,,C_0603_1608Metric,0.1uF,smt
143.25,-105.5,90.0,top,C9,,,C_0603_1608Metric,10uF,smt
143.0,-100.0,-90.0,top,D1,,,D_SOD-123,D_Zener_Small,smt
156.0,-99.25,0.0,top,D3,,,LED_0603_1608Metric,LED,smt
143.75,-115.0,90.0,top,D4,,,D_SOD-123,D_Small,smt
145.4,-104.5,90.0,top,D6,,,D_SOD-123,D_Small,smt
152.5,-118.25,0.0,top,J1,,,USB_C_Receptacle_GCT_USB4105-xx-A_16P_TopMnt_Horizontal,USB_C_Receptacle_USB2.0_16P,smt
145.0,-111.5,180.0,top,L2,,,L_0603_1608Metric,2.2uH,smt
159.0,-117.5,-90.0,top,R1,,,R_0603_1608Metric,5.1k,smt
151.5,-100.25,-90.0,top,R10,,,R_0603_1608Metric,10k,smt
149.75,-100.25,-90.0,top,R11,,,R_0603_1608Metric,10k,smt
146.0,-117.5,-90.0,top,R2,,,R_0603_1608Metric,5.1k,smt
160.75,-114.0,-90.0,top,R3,,,R_0603_1608Metric,5.1k,smt
147.5,-111.25,-90.0,top,R4,,,R_0603_1608Metric,100k,smt
141.75,-93.5,-90.0,top,R5,,,R_0603_1608Metric,33k,smt
150.75,-105.25,0.0,top,R6,,,R_0603_1608Metric,1M,smt
148.25,-104.5,-90.0,top,R7,,,R_0603_1608Metric,200K,smt
156.0,-101.0,0.0,top,R8,,,R_0603_1608Metric,5.1k,smt
143.5,-92.75,-90.0,top,R9,,,R_0603_1608Metric,10k,smt
157.25,-109.25,0.0,top,RESET1,,None,PTS810SJG250SMTRLFS,PTS810SJK250SMTRLFS,smt
152.5,-89.9,0.0,top,U1,,None,XCVR_ESP32-S3-MINI-1-N8,ESP32-S3-MINI-1-N8,smt
151.75,-111.6125,-90.0,top,U2,,,Diodes_UDFN-10_1.0x2.5mm_P0.5mm,D3V3XA4B10LP,smt
145.25,-108.75,-90.0,top,U3,,,WSON-8-1EP_2x2mm_P0.5mm_EP0.9x1.6mm_ThermalVias,TPS62163DSGT,smt
149.25,-107.75,-90.0,top,U5,,,WSON-6-1EP_2x2mm_P0.65mm_EP1x1.6mm,TLV75801PDRVR,smt
