﻿Designator,Quantity,Value,Footprint,Package,MPN,DNP,Mount_Type,MANUFACTURER_NAME,MF,RS_PRICE-STOCK,DESCRIPTION,RS_PART_NUMBER,Price,Check_prices,HEIGHT,SnapEDA_Link,MP,Description_1,Availability,MANUFACTURER_PART_NUMBER,MANUFACTURER,Part#,Description,Sim.Device,Sim.Pins,MAXIMUM_PACKAGE_HEIGHT,STANDARD,PARTREV,Purchase-URL
"BOOT1, RESET1",2,PTS810SJK250SMTRLFS,PTS810SJG250SMTRLFS,None,,,smt,C & K COMPONENTS,Littelfuse,http://uk.rs-online.com/web/p/products/1359396P,"IP40 Black Button Tactile Switch, SPST-NO 50 mA 3mm Surface Mount",1359396P,None,https://www.snapeda.com/parts/PTS810SJK250SMTR%20LFS/Littelfuse/view-part/?ref=eda,mm,https://www.snapeda.com/parts/PTS810SJK250SMTR%20LFS/Littelfuse/view-part/?ref=snap,PTS810SJK250SMTR LFS,"
                        
                            Tactile Switch, 0.05A, 16Vdc, Smd, 260Gf; Product Range:Pts810 Series; Actuator Orientation:Top Actuated; Switch Mounting:Surface Mount; Actuator Style:Oval Button; Actuating Force:260Gf; Contact Rating:50Ma At 16Vdc; Ip Rating:Ip40 Rohs Compliant: Yes |C&k Components PTS810 SJK 250 SMTR LFS
                        
",In Stock,PTS810SJK250SMTRLFS,C&K,PTS810SJK250SMTR LFS,,,,,,,
"C1, C3, C4, C7",4,0.1uF,C_0603_1608Metric,,,,smt,,,,,,,,,,,,,,YAGEO,CC0603KRX7R7BB104,"Unpolarized capacitor, small symbol",,,,,,
C10,1,22uF,C_0603_1608Metric,,,,smt,,,,,,,,,,,,,,Samsung Electro-Mechanics,CL10A226MP8NUNE,"Unpolarized capacitor, small symbol",,,,,,
"C2, C5, C6, C9",4,10uF,C_0603_1608Metric,,,,smt,,,,,,,,,,,,,,Samsung Electro-Mechanics,"[C2,C5,C6]CL10A106KQ8NNNC; [C9]CL10X106MO8NRNC","Unpolarized capacitor, small symbol",,,,,,
D1,1,D_Zener_Small,D_SOD-123,,,,smt,,,,,,,,,,,,,,Diodes Incorporated,DDZ9684-7,"Zener diode, small symbol",,,,,,
D3,1,LED,LED_0603_1608Metric,,,,smt,,,,,,,,,,,,,,Harvatek Corporation,B19Y1NB--20C000113U1930,Light emitting diode,,,,,,
"D4, D6",2,D_Small,D_SOD-123,,,,smt,,,,,,,,,,,,,,Panjit International Inc.,SS1030_R1_00001,"Diode, small symbol",D,1=K 2=A,,,,
J1,1,USB_C_Receptacle_USB2.0_16P,USB_C_Receptacle_GCT_USB4105-xx-A_16P_TopMnt_Horizontal,,,,smt,,,,,,,,,,,,,,GCT,USB4105-GF-A,USB 2.0-only 16P Type-C Receptacle connector,,,,,,
L2,1,2.2uH,L_0603_1608Metric,,,,smt,,,,,,,,,,,,,,Samsung Electro-Mechanics,CIGT201610LM2R2MNE,"Inductor, small symbol",,,,,,
"R1, R2, R3, R8",4,5.1k,R_0603_1608Metric,,,,smt,,,,,,,,,,,,,,YAGEO,RC0603FR-075K1L,"Resistor, small symbol",,,,,,
"R10, R11, R9",3,10k,R_0603_1608Metric,,,,smt,,,,,,,,,,,,,,YAGEO,RC0603FR-0710KL,"Resistor, small symbol",,,,,,
R4,1,100k,R_0603_1608Metric,,,,smt,,,,,,,,,,,,,,YAGEO,RC0603FR-07100KL,"Resistor, small symbol",,,,,,
R5,1,33k,R_0603_1608Metric,,,,smt,,,,,,,,,,,,,,YAGEO,RC0603FR-0733KL,"Resistor, small symbol",,,,,,
R6,1,1M,R_0603_1608Metric,,,,smt,,,,,,,,,,,,,,YAGEO,RC0603FR-071ML,"Resistor, small symbol",,,,,,
R7,1,200K,R_0603_1608Metric,,,,smt,,,,,,,,,,,,,,YAGEO,RC0603FR-07200KL,"Resistor, small symbol",,,,,,
U1,1,ESP32-S3-MINI-1-N8,XCVR_ESP32-S3-MINI-1-N8,None,,,smt,,Espressif Systems,,,,None,https://www.snapeda.com/parts/ESP32-S3-MINI-1-N8/Espressif+Systems/view-part/?ref=eda,,https://www.snapeda.com/parts/ESP32-S3-MINI-1-N8/Espressif+Systems/view-part/?ref=snap,ESP32-S3-MINI-1-N8,"
Bluetooth, WiFi 802.11b/g/n, Bluetooth v5.0 Transceiver Module 2.4GHz PCB Trace Surface Mount
",In Stock,,Espressif Systems,ESP32-S3-MINI-1-N8,,,,2.55mm,Manufacturer Recommendations,v0.6,https://www.snapeda.com/api/url_track_click_mouser/?unipart_id=8941370&manufacturer=Espressif Systems&part_name=ESP32-S3-MINI-1-N8&search_term=None
U2,1,D3V3XA4B10LP,Diodes_UDFN-10_1.0x2.5mm_P0.5mm,,,,smt,,,,,,,,,,,,,,Diodes Incorporated,D3V3XA4B10LP-7,"4-Channel Low Capacitance TVS Diode Array, DFN-10",,,,,,
U3,1,TPS62163DSGT,WSON-8-1EP_2x2mm_P0.5mm_EP0.9x1.6mm_ThermalVias,,,,smt,,,,,,,,,,,,,,Texas Instruments,TPS62163DSGT,"1A Step-Down Converter with DCS-Control, fixed 5.0V output, 3-17V input voltage, WSON-8",,,,,,
U5,1,TLV75801PDRVR,WSON-6-1EP_2x2mm_P0.65mm_EP1x1.6mm,,,,smt,,,,,,,,,,,,,,Texas Instruments,TLV75801PDRVR,"500mA Low-Dropout Linear Regulator, Adjustable Output, WSON-6",,,,,,
