﻿Designator,Footprint,Quantity,Value,LCSC Part #
"BOOT1, RESET1",PTS810SJG250SMTRLFS,2,PTS810SJK250SMTRLFS,
"C1, C3, C4, C7",0603,4,0.1uF,
C10,0603,1,22uF,
"C2, C5, C6, C9",0603,4,10uF,
D1,D_SOD-123,1,D_Zener_Small,
D3,0603,1,LED,
"D4, D6",D_SOD-123,2,D_Small,
J1,USB_C_Receptacle_GCT_USB4105-xx-A_16P_TopMnt_Horizontal,1,USB_C_Receptacle_USB2.0_16P,
L2,0603,1,2.2uH,
"R1, R2, R3, R8",0603,4,5.1k,
"R10, R11, R9",0603,3,10k,
R4,0603,1,100k,
R5,0603,1,33k,
R6,0603,1,1M,
R7,0603,1,200K,
U1,XCVR_ESP32-S3-MINI-1-N8,1,ESP32-S3-MINI-1-N8,
U2,Diodes_UDFN-10_1.0x2.5mm_P0.5mm,1,D3V3XA4B10LP,
U3,WSON-8-1EP_2x2mm_P0.5mm_EP0.9x1.6mm_ThermalVias,1,TPS62163DSGT,
U5,WSON-6-1EP_2x2mm_P0.65mm_EP1x1.6mm,1,TLV75801PDRVR,
